{"_step":7,"acc":0.8022755519983744,"loss":0.1635483299685347,"_timestamp":1.729440633118891e+09,"_wandb":{"runtime":1},"_runtime":1.676178}