{"loss":0.14500695250560555,"_timestamp":1.7294403295337813e+09,"_runtime":0.7217191,"_step":7,"acc":0.8516193976466749,"_wandb":{"runtime":0}}