{"_wandb":{"runtime":0},"_runtime":0.7192972,"_step":7,"acc":0.8461464968913077,"loss":0.15980139206886418,"_timestamp":1.729440518146669e+09}