{"_runtime":0.6470263,"_step":7,"_wandb":{"runtime":0},"acc":0.8446739694516561,"loss":0.1864831959723311,"_timestamp":1.729440722420698e+09}