{"loss":0.23396662538705604,"_timestamp":1.7294394298025577e+09,"_runtime":0.7477667,"_step":7,"_wandb":{"runtime":0},"acc":0.7772191423252686}